,mean_fit_time,std_fit_time,mean_score_time,std_score_time,param_n_estimators,param_min_samples_split,param_min_samples_leaf,param_max_features,param_criterion,params,split0_test_score,split1_test_score,split2_test_score,split3_test_score,split4_test_score,mean_test_score,std_test_score,rank_test_score
0,0.016156435012817383,0.004009075857576814,0.0,0.0,38,1,2,sqrt,entropy,"{'n_estimators': 38, 'min_samples_split': 1, 'min_samples_leaf': 2, 'max_features': 'sqrt', 'criterion': 'entropy'}",,,,,,,,146
1,0.05306563377380371,0.0031202482246912686,0.0,0.0,152,1,1,log2,entropy,"{'n_estimators': 152, 'min_samples_split': 1, 'min_samples_leaf': 1, 'max_features': 'log2', 'criterion': 'entropy'}",,,,,,,,170
2,0.0923243522644043,0.00963175180753675,0.009389448165893554,0.0019693666125765773,61,2,2,log2,entropy,"{'n_estimators': 61, 'min_samples_split': 2, 'min_samples_leaf': 2, 'max_features': 'log2', 'criterion': 'entropy'}",0.8809523809523809,0.8095238095238095,0.9047619047619048,0.8333333333333334,0.8536585365853658,0.8564459930313589,0.03370058347317059,49
3,0.1264880657196045,0.016043695142289,0.014361143112182617,0.0031877025095901255,87,2,2,sqrt,entropy,"{'n_estimators': 87, 'min_samples_split': 2, 'min_samples_leaf': 2, 'max_features': 'sqrt', 'criterion': 'entropy'}",0.9047619047619048,0.8095238095238095,0.9285714285714286,0.8095238095238095,0.9024390243902439,0.8709639953542393,0.05099291198740175,2
4,0.09615373611450195,0.0028600816767755353,0.009767866134643555,0.0007532227216675052,67,2,2,log2,entropy,"{'n_estimators': 67, 'min_samples_split': 2, 'min_samples_leaf': 2, 'max_features': 'log2', 'criterion': 'entropy'}",0.8571428571428571,0.7857142857142857,0.9047619047619048,0.8095238095238095,0.8780487804878049,0.8470383275261323,0.04373497055136833,76
5,0.026336526870727538,0.0045253036270333485,0.0033905029296875,0.00047491816138725014,15,2,1,log2,entropy,"{'n_estimators': 15, 'min_samples_split': 2, 'min_samples_leaf': 1, 'max_features': 'log2', 'criterion': 'entropy'}",0.8571428571428571,0.8571428571428571,0.8809523809523809,0.7380952380952381,0.8536585365853658,0.8373983739837397,0.050600684656607796,111
6,0.12899956703186036,0.004110939025942622,0.011727285385131837,0.0017568948094111318,89,2,1,log2,gini,"{'n_estimators': 89, 'min_samples_split': 2, 'min_samples_leaf': 1, 'max_features': 'log2', 'criterion': 'gini'}",0.8095238095238095,0.8333333333333334,0.8809523809523809,0.8095238095238095,0.8780487804878049,0.8422764227642275,0.03162574114735386,95
7,0.12450714111328125,0.0034589828865053554,0.01236739158630371,0.002053534997287174,87,2,2,sqrt,gini,"{'n_estimators': 87, 'min_samples_split': 2, 'min_samples_leaf': 2, 'max_features': 'sqrt', 'criterion': 'gini'}",0.8571428571428571,0.8333333333333334,0.9047619047619048,0.7857142857142857,0.9024390243902439,0.8566782810685251,0.04469266505628628,32
8,0.08916363716125489,0.003803202269207733,0.008575773239135743,0.00047419921280570157,64,2,1,sqrt,gini,"{'n_estimators': 64, 'min_samples_split': 2, 'min_samples_leaf': 1, 'max_features': 'sqrt', 'criterion': 'gini'}",0.8809523809523809,0.8095238095238095,0.9047619047619048,0.8095238095238095,0.8536585365853658,0.8516840882694542,0.038033575204423895,64
9,0.02333540916442871,0.0010292527729199403,0.003695392608642578,0.00038308779753398644,15,2,1,log2,entropy,"{'n_estimators': 15, 'min_samples_split': 2, 'min_samples_leaf': 1, 'max_features': 'log2', 'criterion': 'entropy'}",0.9047619047619048,0.8095238095238095,0.8809523809523809,0.7619047619047619,0.8780487804878049,0.8470383275261325,0.053101573682774274,75
10,0.08654618263244629,0.007467805551205114,0.008570194244384766,0.0004975948025247239,61,2,1,log2,entropy,"{'n_estimators': 61, 'min_samples_split': 2, 'min_samples_leaf': 1, 'max_features': 'log2', 'criterion': 'entropy'}",0.8571428571428571,0.8333333333333334,0.9285714285714286,0.7857142857142857,0.8536585365853658,0.8516840882694542,0.046117512418539085,64
11,0.03301248550415039,0.001009834500505296,0.0,0.0,109,1,1,sqrt,entropy,"{'n_estimators': 109, 'min_samples_split': 1, 'min_samples_leaf': 1, 'max_features': 'sqrt', 'criterion': 'entropy'}",,,,,,,,169
12,0.0841343879699707,0.005563042331485621,0.009368705749511718,0.0014900171124945637,64,2,2,sqrt,gini,"{'n_estimators': 64, 'min_samples_split': 2, 'min_samples_leaf': 2, 'max_features': 'sqrt', 'criterion': 'gini'}",0.8809523809523809,0.8095238095238095,0.9047619047619048,0.8095238095238095,0.8536585365853658,0.8516840882694542,0.038033575204423895,64
13,0.06385211944580078,0.005354424527628571,0.0,0.0,182,1,2,log2,entropy,"{'n_estimators': 182, 'min_samples_split': 1, 'min_samples_leaf': 2, 'max_features': 'log2', 'criterion': 'entropy'}",,,,,,,,168
14,0.1154904842376709,0.05575282097670367,0.008778238296508789,0.0007359742743693454,61,2,1,log2,gini,"{'n_estimators': 61, 'min_samples_split': 2, 'min_samples_leaf': 1, 'max_features': 'log2', 'criterion': 'gini'}",0.8333333333333334,0.8095238095238095,0.9047619047619048,0.8095238095238095,0.8536585365853658,0.8421602787456445,0.0353818222398901,103
15,0.15270576477050782,0.008361626591853478,0.013171052932739258,0.0004139781078899727,109,2,2,log2,entropy,"{'n_estimators': 109, 'min_samples_split': 2, 'min_samples_leaf': 2, 'max_features': 'log2', 'criterion': 'entropy'}",0.8571428571428571,0.8095238095238095,0.9047619047619048,0.8095238095238095,0.8780487804878049,0.851800232288037,0.03767508597904855,57
16,0.1870266914367676,0.028599956098630704,0.01916184425354004,0.00532340749195876,114,2,2,sqrt,gini,"{'n_estimators': 114, 'min_samples_split': 2, 'min_samples_leaf': 2, 'max_features': 'sqrt', 'criterion': 'gini'}",0.8571428571428571,0.8333333333333334,0.8571428571428571,0.8095238095238095,0.8536585365853658,0.8421602787456445,0.018569972174376878,103
17,0.03903007507324219,0.0031115484730153955,0.0,0.0,85,1,1,log2,entropy,"{'n_estimators': 85, 'min_samples_split': 1, 'min_samples_leaf': 1, 'max_features': 'log2', 'criterion': 'entropy'}",,,,,,,,167
18,0.032124567031860354,0.002234832757432315,0.0,0.0,89,1,1,sqrt,gini,"{'n_estimators': 89, 'min_samples_split': 1, 'min_samples_leaf': 1, 'max_features': 'sqrt', 'criterion': 'gini'}",,,,,,,,166
19,0.2471485137939453,0.15550463610307177,0.03321719169616699,0.02565383180632363,82,2,1,log2,gini,"{'n_estimators': 82, 'min_samples_split': 2, 'min_samples_leaf': 1, 'max_features': 'log2', 'criterion': 'gini'}",0.8333333333333334,0.8571428571428571,0.9047619047619048,0.7857142857142857,0.9024390243902439,0.8566782810685251,0.04469266505628628,32
20,0.10359258651733398,0.0473069944760892,0.0,0.0,114,1,2,log2,entropy,"{'n_estimators': 114, 'min_samples_split': 1, 'min_samples_leaf': 2, 'max_features': 'log2', 'criterion': 'entropy'}",,,,,,,,165
21,0.06863574981689453,0.008010723425558215,0.0,0.0,112,1,2,log2,entropy,"{'n_estimators': 112, 'min_samples_split': 1, 'min_samples_leaf': 2, 'max_features': 'log2', 'criterion': 'entropy'}",,,,,,,,164
22,0.04427590370178223,0.0077801985346847465,0.006182384490966797,0.0026287724198875905,18,2,2,sqrt,entropy,"{'n_estimators': 18, 'min_samples_split': 2, 'min_samples_leaf': 2, 'max_features': 'sqrt', 'criterion': 'entropy'}",0.8571428571428571,0.8095238095238095,0.9047619047619048,0.8095238095238095,0.8536585365853658,0.8469221835075492,0.035475486551660856,86
23,0.21298980712890625,0.05735795133686517,0.026331233978271484,0.011677612312729138,89,2,2,sqrt,gini,"{'n_estimators': 89, 'min_samples_split': 2, 'min_samples_leaf': 2, 'max_features': 'sqrt', 'criterion': 'gini'}",0.8809523809523809,0.8095238095238095,0.9285714285714286,0.8095238095238095,0.8536585365853658,0.8564459930313589,0.04519688932758746,49
24,0.18112649917602539,0.01908889112513891,0.016569089889526368,0.003753688338961488,114,2,2,log2,gini,"{'n_estimators': 114, 'min_samples_split': 2, 'min_samples_leaf': 2, 'max_features': 'log2', 'criterion': 'gini'}",0.8809523809523809,0.8095238095238095,0.8809523809523809,0.8095238095238095,0.8536585365853658,0.8469221835075492,0.03212090871165629,86
25,0.022542905807495118,0.0004919910827432913,0.003357124328613281,0.0005393372152884056,16,2,2,sqrt,entropy,"{'n_estimators': 16, 'min_samples_split': 2, 'min_samples_leaf': 2, 'max_features': 'sqrt', 'criterion': 'entropy'}",0.8095238095238095,0.8571428571428571,0.9285714285714286,0.7857142857142857,0.8292682926829268,0.8420441347270614,0.04921135962292194,109
26,0.03350329399108887,0.002053631619705426,0.00439600944519043,0.00048415208075591775,24,2,2,sqrt,entropy,"{'n_estimators': 24, 'min_samples_split': 2, 'min_samples_leaf': 2, 'max_features': 'sqrt', 'criterion': 'entropy'}",0.8809523809523809,0.8095238095238095,0.8333333333333334,0.8095238095238095,0.8536585365853658,0.8373983739837397,0.027319779113334094,111
27,0.04929461479187012,0.004447228837338654,0.0,0.0,126,1,1,log2,entropy,"{'n_estimators': 126, 'min_samples_split': 1, 'min_samples_leaf': 1, 'max_features': 'log2', 'criterion': 'entropy'}",,,,,,,,163
28,0.24396419525146484,0.06442335815649579,0.020339059829711913,0.008217067344760512,112,2,1,log2,gini,"{'n_estimators': 112, 'min_samples_split': 2, 'min_samples_leaf': 1, 'max_features': 'log2', 'criterion': 'gini'}",0.9047619047619048,0.8095238095238095,0.8809523809523809,0.8095238095238095,0.8780487804878049,0.856562137049942,0.039509457005240924,37
29,0.058316802978515624,0.009187989741342346,0.0,0.0,126,1,2,sqrt,gini,"{'n_estimators': 126, 'min_samples_split': 1, 'min_samples_leaf': 2, 'max_features': 'sqrt', 'criterion': 'gini'}",,,,,,,,162
30,0.2672886371612549,0.07388103764839965,0.03790502548217774,0.035214921379388205,130,2,1,sqrt,gini,"{'n_estimators': 130, 'min_samples_split': 2, 'min_samples_leaf': 1, 'max_features': 'sqrt', 'criterion': 'gini'}",0.8333333333333334,0.8333333333333334,0.8809523809523809,0.7857142857142857,0.8780487804878049,0.8422764227642275,0.03502777287716054,95
31,0.17778735160827636,0.011892467340880643,0.015157604217529297,0.0030646294317354114,85,2,2,log2,entropy,"{'n_estimators': 85, 'min_samples_split': 2, 'min_samples_leaf': 2, 'max_features': 'log2', 'criterion': 'entropy'}",0.8571428571428571,0.8571428571428571,0.9047619047619048,0.8333333333333334,0.8780487804878049,0.8660859465737515,0.023965101745001497,9
32,0.07982473373413086,0.042779474239119764,0.0,0.0,82,1,1,log2,gini,"{'n_estimators': 82, 'min_samples_split': 1, 'min_samples_leaf': 1, 'max_features': 'log2', 'criterion': 'gini'}",,,,,,,,161
33,0.08620028495788574,0.006330573084874516,0.009374284744262695,0.001624461853239589,24,2,1,log2,entropy,"{'n_estimators': 24, 'min_samples_split': 2, 'min_samples_leaf': 1, 'max_features': 'log2', 'criterion': 'entropy'}",0.8333333333333334,0.8333333333333334,0.7857142857142857,0.8571428571428571,0.8292682926829268,0.8277584204413474,0.023218929376285637,122
34,0.2528205394744873,0.03414268972031812,0.020543527603149415,0.00264548465683576,128,2,2,log2,gini,"{'n_estimators': 128, 'min_samples_split': 2, 'min_samples_leaf': 2, 'max_features': 'log2', 'criterion': 'gini'}",0.8571428571428571,0.8095238095238095,0.9285714285714286,0.8095238095238095,0.8780487804878049,0.8565621370499418,0.04488331462891313,48
35,0.013569498062133789,0.003607808637481831,0.0,0.0,18,1,2,sqrt,gini,"{'n_estimators': 18, 'min_samples_split': 1, 'min_samples_leaf': 2, 'max_features': 'sqrt', 'criterion': 'gini'}",,,,,,,,160
36,0.055558633804321286,0.01349410652935663,0.0,0.0,85,1,1,sqrt,entropy,"{'n_estimators': 85, 'min_samples_split': 1, 'min_samples_leaf': 1, 'max_features': 'sqrt', 'criterion': 'entropy'}",,,,,,,,159
37,0.02373671531677246,0.0037531605124671613,0.0,0.0,34,1,1,log2,gini,"{'n_estimators': 34, 'min_samples_split': 1, 'min_samples_leaf': 1, 'max_features': 'log2', 'criterion': 'gini'}",,,,,,,,158
38,0.21150674819946289,0.05424217644668737,0.020545196533203126,0.0036563233099811713,112,2,1,sqrt,gini,"{'n_estimators': 112, 'min_samples_split': 2, 'min_samples_leaf': 1, 'max_features': 'sqrt', 'criterion': 'gini'}",0.8571428571428571,0.8333333333333334,0.8571428571428571,0.8095238095238095,0.8536585365853658,0.8421602787456445,0.018569972174376878,103
39,0.08087177276611328,0.011225827761191394,0.0,0.0,114,1,1,log2,gini,"{'n_estimators': 114, 'min_samples_split': 1, 'min_samples_leaf': 1, 'max_features': 'log2', 'criterion': 'gini'}",,,,,,,,157
40,0.12690696716308594,0.011799190322058636,0.011083412170410156,0.003212813599368701,64,2,2,sqrt,entropy,"{'n_estimators': 64, 'min_samples_split': 2, 'min_samples_leaf': 2, 'max_features': 'sqrt', 'criterion': 'entropy'}",0.8809523809523809,0.8333333333333334,0.9285714285714286,0.8095238095238095,0.8780487804878049,0.8660859465737515,0.041329323121977644,9
41,0.1279658317565918,0.006097066690227026,0.012275981903076171,0.002881638825223827,82,2,2,log2,entropy,"{'n_estimators': 82, 'min_samples_split': 2, 'min_samples_leaf': 2, 'max_features': 'log2', 'criterion': 'entropy'}",0.8571428571428571,0.8095238095238095,0.8809523809523809,0.8095238095238095,0.9024390243902439,0.8519163763066201,0.037462522803388465,54
42,0.027719593048095702,0.002993530657749257,0.004387712478637696,0.0007980586576229455,16,2,2,sqrt,gini,"{'n_estimators': 16, 'min_samples_split': 2, 'min_samples_leaf': 2, 'max_features': 'sqrt', 'criterion': 'gini'}",0.8333333333333334,0.8571428571428571,0.8571428571428571,0.7857142857142857,0.8536585365853658,0.8373983739837397,0.0273197791133341,111
43,0.08457579612731933,0.008538706833201072,0.009575176239013671,0.0024111417302958675,49,2,2,log2,gini,"{'n_estimators': 49, 'min_samples_split': 2, 'min_samples_leaf': 2, 'max_features': 'log2', 'criterion': 'gini'}",0.8809523809523809,0.7857142857142857,0.9047619047619048,0.8095238095238095,0.8780487804878049,0.851800232288037,0.04582231129452374,57
44,0.009476613998413087,0.0008895475005865364,0.0,0.0,18,1,2,sqrt,entropy,"{'n_estimators': 18, 'min_samples_split': 1, 'min_samples_leaf': 2, 'max_features': 'sqrt', 'criterion': 'entropy'}",,,,,,,,156
45,0.1827152729034424,0.0096324758703542,0.01647953987121582,0.0016188128341668353,121,2,2,log2,entropy,"{'n_estimators': 121, 'min_samples_split': 2, 'min_samples_leaf': 2, 'max_features': 'log2', 'criterion': 'entropy'}",0.8809523809523809,0.8095238095238095,0.9047619047619048,0.8095238095238095,0.9024390243902439,0.8614401858304298,0.043194958294990204,16
46,0.26817736625671384,0.06517409702989811,0.02234206199645996,0.00464969836250033,126,2,1,log2,entropy,"{'n_estimators': 126, 'min_samples_split': 2, 'min_samples_leaf': 1, 'max_features': 'log2', 'criterion': 'entropy'}",0.8809523809523809,0.8095238095238095,0.9285714285714286,0.8095238095238095,0.9024390243902439,0.8662020905923346,0.04867335173685011,6
47,0.032721757888793945,0.005433139182189814,0.0,0.0,64,1,2,log2,gini,"{'n_estimators': 64, 'min_samples_split': 1, 'min_samples_leaf': 2, 'max_features': 'log2', 'criterion': 'gini'}",,,,,,,,155
48,0.10741515159606933,0.011714870184236365,0.012373876571655274,0.0027294253877958477,67,2,1,sqrt,gini,"{'n_estimators': 67, 'min_samples_split': 2, 'min_samples_leaf': 1, 'max_features': 'sqrt', 'criterion': 'gini'}",0.8333333333333334,0.8333333333333334,0.9047619047619048,0.8333333333333334,0.8780487804878049,0.856562137049942,0.02967701272037742,37
49,0.19652981758117677,0.0038400599251040314,0.0161562442779541,0.0014665246486097905,126,2,2,log2,entropy,"{'n_estimators': 126, 'min_samples_split': 2, 'min_samples_leaf': 2, 'max_features': 'log2', 'criterion': 'entropy'}",0.8809523809523809,0.8333333333333334,0.8809523809523809,0.8095238095238095,0.8780487804878049,0.856562137049942,0.02967701272037742,37
50,0.040802001953125,0.0036643355682356143,0.005187129974365235,0.0009774565980946027,24,2,2,sqrt,gini,"{'n_estimators': 24, 'min_samples_split': 2, 'min_samples_leaf': 2, 'max_features': 'sqrt', 'criterion': 'gini'}",0.8571428571428571,0.8333333333333334,0.9047619047619048,0.7619047619047619,0.8536585365853658,0.8421602787456447,0.04646399491513008,100
51,0.014568901062011719,0.003387960201596376,0.0,0.0,30,1,1,sqrt,gini,"{'n_estimators': 30, 'min_samples_split': 1, 'min_samples_leaf': 1, 'max_features': 'sqrt', 'criterion': 'gini'}",,,,,,,,154
52,0.1398010730743408,0.011341743713922105,0.014165878295898438,0.0034276046072566164,85,2,1,sqrt,entropy,"{'n_estimators': 85, 'min_samples_split': 2, 'min_samples_leaf': 1, 'max_features': 'sqrt', 'criterion': 'entropy'}",0.8809523809523809,0.8571428571428571,0.8809523809523809,0.8333333333333334,0.8780487804878049,0.8660859465737515,0.018643195327887354,9
53,0.019349002838134767,0.004424655478049852,0.0,0.0,34,1,2,sqrt,entropy,"{'n_estimators': 34, 'min_samples_split': 1, 'min_samples_leaf': 2, 'max_features': 'sqrt', 'criterion': 'entropy'}",,,,,,,,153
54,0.03524928092956543,0.002792396471051934,0.0,0.0,89,1,1,sqrt,entropy,"{'n_estimators': 89, 'min_samples_split': 1, 'min_samples_leaf': 1, 'max_features': 'sqrt', 'criterion': 'entropy'}",,,,,,,,152
55,0.07947406768798829,0.0023045974490950747,0.008018064498901366,0.0005494367696104801,61,2,1,sqrt,entropy,"{'n_estimators': 61, 'min_samples_split': 2, 'min_samples_leaf': 1, 'max_features': 'sqrt', 'criterion': 'entropy'}",0.8095238095238095,0.8571428571428571,0.9285714285714286,0.8095238095238095,0.9024390243902439,0.8614401858304296,0.04815931022486689,20
56,0.11849780082702636,0.007310656121960923,0.010283851623535156,0.00040425444912305835,82,2,2,sqrt,gini,"{'n_estimators': 82, 'min_samples_split': 2, 'min_samples_leaf': 2, 'max_features': 'sqrt', 'criterion': 'gini'}",0.8333333333333334,0.8095238095238095,0.9047619047619048,0.8095238095238095,0.8780487804878049,0.8470383275261323,0.038199907197531635,76
57,0.05026535987854004,0.005663422147016259,0.0,0.0,128,1,1,sqrt,entropy,"{'n_estimators': 128, 'min_samples_split': 1, 'min_samples_leaf': 1, 'max_features': 'sqrt', 'criterion': 'entropy'}",,,,,,,,151
58,0.0958411693572998,0.005947828639765915,0.009773063659667968,0.002630651804197963,61,2,1,sqrt,gini,"{'n_estimators': 61, 'min_samples_split': 2, 'min_samples_leaf': 1, 'max_features': 'sqrt', 'criterion': 'gini'}",0.8571428571428571,0.7857142857142857,0.8571428571428571,0.8095238095238095,0.8292682926829268,0.8277584204413472,0.027674465685816805,123
59,0.13649001121520996,0.004219931158870053,0.012949085235595703,0.0016659772609641497,89,2,1,log2,entropy,"{'n_estimators': 89, 'min_samples_split': 2, 'min_samples_leaf': 1, 'max_features': 'log2', 'criterion': 'entropy'}",0.8809523809523809,0.8095238095238095,0.9047619047619048,0.8095238095238095,0.8780487804878049,0.856562137049942,0.039509457005240924,37
60,0.02733469009399414,0.0010296873420393411,0.004395818710327149,0.0010215094100792888,18,2,1,log2,entropy,"{'n_estimators': 18, 'min_samples_split': 2, 'min_samples_leaf': 1, 'max_features': 'log2', 'criterion': 'entropy'}",0.8571428571428571,0.8333333333333334,0.8809523809523809,0.8095238095238095,0.8780487804878049,0.851800232288037,0.02718712921007223,57
61,0.06567721366882324,0.004365873538080295,0.0,0.0,182,1,2,log2,entropy,"{'n_estimators': 182, 'min_samples_split': 1, 'min_samples_leaf': 2, 'max_features': 'log2', 'criterion': 'entropy'}",,,,,,,,150
62,0.15587172508239747,0.00944692631515256,0.012920427322387695,0.0007728456479076761,112,2,1,log2,entropy,"{'n_estimators': 112, 'min_samples_split': 2, 'min_samples_leaf': 1, 'max_features': 'log2', 'criterion': 'entropy'}",0.8809523809523809,0.8333333333333334,0.9047619047619048,0.8095238095238095,0.8780487804878049,0.8613240418118467,0.034694611527113756,22
63,0.12935433387756348,0.01031946643928996,0.012374496459960938,0.0024072192109721854,89,2,1,sqrt,gini,"{'n_estimators': 89, 'min_samples_split': 2, 'min_samples_leaf': 1, 'max_features': 'sqrt', 'criterion': 'gini'}",0.8571428571428571,0.8333333333333334,0.9047619047619048,0.8095238095238095,0.8780487804878049,0.856562137049942,0.0332788589591043,37
64,0.09686512947082519,0.0025382630575901646,0.008976125717163086,0.0006304508144921575,67,2,2,log2,entropy,"{'n_estimators': 67, 'min_samples_split': 2, 'min_samples_leaf': 2, 'max_features': 'log2', 'criterion': 'entropy'}",0.8571428571428571,0.8333333333333334,0.9047619047619048,0.8095238095238095,0.8780487804878049,0.856562137049942,0.0332788589591043,37
65,0.21991381645202637,0.034110246916712134,0.018950843811035158,0.003730911064528425,126,2,2,sqrt,entropy,"{'n_estimators': 126, 'min_samples_split': 2, 'min_samples_leaf': 2, 'max_features': 'sqrt', 'criterion': 'entropy'}",0.8571428571428571,0.8333333333333334,0.9047619047619048,0.8333333333333334,0.8780487804878049,0.8613240418118467,0.027389803390829765,22
66,0.06981563568115234,0.004111438114538775,0.0,0.0,182,1,2,sqrt,entropy,"{'n_estimators': 182, 'min_samples_split': 1, 'min_samples_leaf': 2, 'max_features': 'sqrt', 'criterion': 'entropy'}",,,,,,,,149
67,0.033522939682006835,0.005886022209548849,0.0,0.0,64,1,1,sqrt,entropy,"{'n_estimators': 64, 'min_samples_split': 1, 'min_samples_leaf': 1, 'max_features': 'sqrt', 'criterion': 'entropy'}",,,,,,,,148
68,0.1689206600189209,0.010658780289536882,0.01614203453063965,0.0049505403394744674,121,2,2,log2,entropy,"{'n_estimators': 121, 'min_samples_split': 2, 'min_samples_leaf': 2, 'max_features': 'log2', 'criterion': 'entropy'}",0.8809523809523809,0.8095238095238095,0.9047619047619048,0.8333333333333334,0.8780487804878049,0.8613240418118467,0.034694611527113756,22
69,0.032714319229125974,0.0017339688574244982,0.0,0.0,87,1,2,sqrt,gini,"{'n_estimators': 87, 'min_samples_split': 1, 'min_samples_leaf': 2, 'max_features': 'sqrt', 'criterion': 'gini'}",,,,,,,,171
70,0.12847695350646973,0.006678801997900879,0.012781047821044922,0.0027143623520068656,85,2,2,sqrt,entropy,"{'n_estimators': 85, 'min_samples_split': 2, 'min_samples_leaf': 2, 'max_features': 'sqrt', 'criterion': 'entropy'}",0.8095238095238095,0.8571428571428571,0.9047619047619048,0.8095238095238095,0.8780487804878049,0.851800232288037,0.03767508597904855,57
71,0.2275059700012207,0.002950003691047727,0.02075848579406738,0.0018325963434545512,152,2,1,sqrt,gini,"{'n_estimators': 152, 'min_samples_split': 2, 'min_samples_leaf': 1, 'max_features': 'sqrt', 'criterion': 'gini'}",0.8333333333333334,0.8571428571428571,0.9047619047619048,0.8095238095238095,0.8780487804878049,0.856562137049942,0.0332788589591043,37
72,0.0385948657989502,0.0028075268582851798,0.004786348342895508,0.00039808888302899346,24,2,1,log2,entropy,"{'n_estimators': 24, 'min_samples_split': 2, 'min_samples_leaf': 1, 'max_features': 'log2', 'criterion': 'entropy'}",0.8571428571428571,0.8571428571428571,0.8333333333333334,0.7857142857142857,0.9024390243902439,0.8471544715447153,0.03800483593802301,73
73,0.01934981346130371,0.0008079195938781907,0.0,0.0,49,1,2,log2,entropy,"{'n_estimators': 49, 'min_samples_split': 1, 'min_samples_leaf': 2, 'max_features': 'log2', 'criterion': 'entropy'}",,,,,,,,172
74,0.07204136848449708,0.0025498659093828413,0.007177591323852539,0.0007429336396652865,49,2,1,sqrt,gini,"{'n_estimators': 49, 'min_samples_split': 2, 'min_samples_leaf': 1, 'max_features': 'sqrt', 'criterion': 'gini'}",0.8809523809523809,0.8571428571428571,0.8809523809523809,0.7857142857142857,0.8536585365853658,0.8516840882694542,0.03492557047803309,64
75,0.010172510147094726,0.0023943069664035055,0.0,0.0,18,1,2,log2,gini,"{'n_estimators': 18, 'min_samples_split': 1, 'min_samples_leaf': 2, 'max_features': 'log2', 'criterion': 'gini'}",,,,,,,,173
76,0.04220881462097168,0.002569034195207954,0.004589176177978516,0.00047229623131902706,30,2,1,log2,gini,"{'n_estimators': 30, 'min_samples_split': 2, 'min_samples_leaf': 1, 'max_features': 'log2', 'criterion': 'gini'}",0.8809523809523809,0.8333333333333334,0.8571428571428571,0.7619047619047619,0.8780487804878049,0.8422764227642278,0.04367169542824599,93
77,0.009583425521850587,0.0004742465552631601,0.0,0.0,24,1,1,log2,entropy,"{'n_estimators': 24, 'min_samples_split': 1, 'min_samples_leaf': 1, 'max_features': 'log2', 'criterion': 'entropy'}",,,,,,,,174
78,0.006973695755004883,0.000630976333072094,0.0,0.0,15,1,2,log2,entropy,"{'n_estimators': 15, 'min_samples_split': 1, 'min_samples_leaf': 2, 'max_features': 'log2', 'criterion': 'entropy'}",,,,,,,,198
79,0.039681196212768555,0.003291634778901231,0.0046005725860595705,0.0004994065463597991,30,2,1,log2,gini,"{'n_estimators': 30, 'min_samples_split': 2, 'min_samples_leaf': 1, 'max_features': 'log2', 'criterion': 'gini'}",0.8571428571428571,0.7857142857142857,0.8809523809523809,0.8095238095238095,0.8536585365853658,0.8373983739837397,0.034639357240433766,111
80,0.045380592346191406,0.009761939138989257,0.0,0.0,109,1,1,sqrt,entropy,"{'n_estimators': 109, 'min_samples_split': 1, 'min_samples_leaf': 1, 'max_features': 'sqrt', 'criterion': 'entropy'}",,,,,,,,197
81,0.10803256034851075,0.005097780677869694,0.009380245208740234,0.0013634368103496873,67,2,1,log2,entropy,"{'n_estimators': 67, 'min_samples_split': 2, 'min_samples_leaf': 1, 'max_features': 'log2', 'criterion': 'entropy'}",0.8333333333333334,0.8095238095238095,0.9047619047619048,0.7857142857142857,0.8780487804878049,0.8422764227642275,0.043671695428245984,95
82,0.17176780700683594,0.00672524978548185,0.015352487564086914,0.00185497638633529,114,2,2,log2,entropy,"{'n_estimators': 114, 'min_samples_split': 2, 'min_samples_leaf': 2, 'max_features': 'log2', 'criterion': 'entropy'}",0.8571428571428571,0.8571428571428571,0.8809523809523809,0.8333333333333334,0.8780487804878049,0.8613240418118467,0.017224592609385133,22
83,0.04999032020568848,0.00202280437218788,0.004986906051635742,6.843900725558913e-07,34,2,1,log2,gini,"{'n_estimators': 34, 'min_samples_split': 2, 'min_samples_leaf': 1, 'max_features': 'log2', 'criterion': 'gini'}",0.8333333333333334,0.8333333333333334,0.9285714285714286,0.7619047619047619,0.8536585365853658,0.8421602787456447,0.05328390875599097,100
84,0.06394286155700683,0.0032130590234387764,0.006176376342773437,0.00040175472122048523,38,2,2,sqrt,entropy,"{'n_estimators': 38, 'min_samples_split': 2, 'min_samples_leaf': 2, 'max_features': 'sqrt', 'criterion': 'entropy'}",0.8571428571428571,0.8095238095238095,0.9285714285714286,0.7857142857142857,0.9024390243902439,0.8566782810685248,0.05389307736891115,35
85,0.1356031894683838,0.009765216135009844,0.012742280960083008,0.001592798410357614,87,2,1,log2,gini,"{'n_estimators': 87, 'min_samples_split': 2, 'min_samples_leaf': 1, 'max_features': 'log2', 'criterion': 'gini'}",0.8571428571428571,0.7857142857142857,0.9047619047619048,0.8095238095238095,0.8780487804878049,0.8470383275261323,0.04373497055136833,76
86,0.11681928634643554,0.00702299317154601,0.010178709030151367,0.0007445368828398508,85,2,2,log2,entropy,"{'n_estimators': 85, 'min_samples_split': 2, 'min_samples_leaf': 2, 'max_features': 'log2', 'criterion': 'entropy'}",0.8809523809523809,0.8095238095238095,0.9047619047619048,0.8095238095238095,0.8780487804878049,0.856562137049942,0.039509457005240924,37
87,0.037896347045898435,0.0035028155167413804,0.004988670349121094,0.0006274356070913339,24,2,2,sqrt,gini,"{'n_estimators': 24, 'min_samples_split': 2, 'min_samples_leaf': 2, 'max_features': 'sqrt', 'criterion': 'gini'}",0.8571428571428571,0.8095238095238095,0.8809523809523809,0.8095238095238095,0.8292682926829268,0.8372822299651567,0.027952851735375008,116
88,0.1190248966217041,0.004806081130355066,0.011363887786865234,0.0004925712980560005,82,2,1,log2,gini,"{'n_estimators': 82, 'min_samples_split': 2, 'min_samples_leaf': 1, 'max_features': 'log2', 'criterion': 'gini'}",0.8571428571428571,0.8095238095238095,0.8809523809523809,0.8095238095238095,0.8536585365853658,0.8421602787456445,0.028255240324339063,103
89,0.033826780319213864,0.0046057013357335315,0.0,0.0,85,1,1,sqrt,gini,"{'n_estimators': 85, 'min_samples_split': 1, 'min_samples_leaf': 1, 'max_features': 'sqrt', 'criterion': 'gini'}",,,,,,,,196
90,0.03988766670227051,0.003520114783362508,0.005586814880371094,0.0018479032472456759,24,2,2,log2,gini,"{'n_estimators': 24, 'min_samples_split': 2, 'min_samples_leaf': 2, 'max_features': 'log2', 'criterion': 'gini'}",0.8571428571428571,0.8095238095238095,0.8809523809523809,0.7857142857142857,0.7804878048780488,0.8227642276422763,0.03975689661565006,125
91,0.014561748504638672,0.0032511796099643003,0.0,0.0,24,1,2,log2,entropy,"{'n_estimators': 24, 'min_samples_split': 1, 'min_samples_leaf': 2, 'max_features': 'log2', 'criterion': 'entropy'}",,,,,,,,195
92,0.04807147979736328,0.0024760379981170807,0.0,0.0,126,1,2,sqrt,gini,"{'n_estimators': 126, 'min_samples_split': 1, 'min_samples_leaf': 2, 'max_features': 'sqrt', 'criterion': 'gini'}",,,,,,,,194
93,0.17057104110717775,0.0043786901642833085,0.014462852478027343,0.0010018831147928593,112,2,1,sqrt,entropy,"{'n_estimators': 112, 'min_samples_split': 2, 'min_samples_leaf': 1, 'max_features': 'sqrt', 'criterion': 'entropy'}",0.8809523809523809,0.8333333333333334,0.9047619047619048,0.8333333333333334,0.8780487804878049,0.8660859465737515,0.02830341801378034,9
94,0.02613539695739746,0.0015626503504304165,0.0029920101165771484,8.609519045480627e-07,16,2,2,log2,gini,"{'n_estimators': 16, 'min_samples_split': 2, 'min_samples_leaf': 2, 'max_features': 'log2', 'criterion': 'gini'}",0.8333333333333334,0.7857142857142857,0.9285714285714286,0.8333333333333334,0.8536585365853658,0.8469221835075494,0.046535358863289335,84
95,0.022739124298095704,0.005121528000189136,0.0,0.0,49,1,2,log2,entropy,"{'n_estimators': 49, 'min_samples_split': 1, 'min_samples_leaf': 2, 'max_features': 'log2', 'criterion': 'entropy'}",,,,,,,,193
96,0.18492403030395507,0.017274007188934626,0.01674818992614746,0.0022276471033965063,130,2,2,sqrt,entropy,"{'n_estimators': 130, 'min_samples_split': 2, 'min_samples_leaf': 2, 'max_features': 'sqrt', 'criterion': 'entropy'}",0.9047619047619048,0.8333333333333334,0.9285714285714286,0.8095238095238095,0.8536585365853658,0.8659698025551684,0.044332036487941325,15
97,0.04479522705078125,0.0008164405405013131,0.005377578735351563,0.0007836581636539143,30,2,1,sqrt,gini,"{'n_estimators': 30, 'min_samples_split': 2, 'min_samples_leaf': 1, 'max_features': 'sqrt', 'criterion': 'gini'}",0.8571428571428571,0.8095238095238095,0.8571428571428571,0.8095238095238095,0.8536585365853658,0.8373983739837397,0.022795020534907468,111
98,0.045184087753295896,0.0027722838259626476,0.0,0.0,121,1,1,log2,gini,"{'n_estimators': 121, 'min_samples_split': 1, 'min_samples_leaf': 1, 'max_features': 'log2', 'criterion': 'gini'}",,,,,,,,192
99,0.1809385299682617,0.004223528093399195,0.01635732650756836,0.0010170655195239817,121,2,1,log2,gini,"{'n_estimators': 121, 'min_samples_split': 2, 'min_samples_leaf': 1, 'max_features': 'log2', 'criterion': 'gini'}",0.8809523809523809,0.8095238095238095,0.8809523809523809,0.8095238095238095,0.8536585365853658,0.8469221835075492,0.03212090871165629,86
100,0.013363885879516601,0.0004744514724094315,0.0,0.0,30,1,1,sqrt,entropy,"{'n_estimators': 30, 'min_samples_split': 1, 'min_samples_leaf': 1, 'max_features': 'sqrt', 'criterion': 'entropy'}",,,,,,,,191
101,0.03421025276184082,0.0022219038793052422,0.0,0.0,87,1,1,log2,gini,"{'n_estimators': 87, 'min_samples_split': 1, 'min_samples_leaf': 1, 'max_features': 'log2', 'criterion': 'gini'}",,,,,,,,190
102,0.1283026695251465,0.004682660277587009,0.011344146728515626,0.0005112873926990155,87,2,1,log2,gini,"{'n_estimators': 87, 'min_samples_split': 2, 'min_samples_leaf': 1, 'max_features': 'log2', 'criterion': 'gini'}",0.8333333333333334,0.8095238095238095,0.9047619047619048,0.8095238095238095,0.8780487804878049,0.8470383275261323,0.038199907197531635,76
103,0.11916632652282715,0.00573106918835847,0.011177730560302735,0.0011484122735617261,87,2,1,sqrt,entropy,"{'n_estimators': 87, 'min_samples_split': 2, 'min_samples_leaf': 1, 'max_features': 'sqrt', 'criterion': 'entropy'}",0.8571428571428571,0.8095238095238095,0.8809523809523809,0.8095238095238095,0.8536585365853658,0.8421602787456445,0.028255240324339063,103
104,0.12388529777526855,0.0036400629740451426,0.012958002090454102,0.0022800284991513517,87,2,1,sqrt,gini,"{'n_estimators': 87, 'min_samples_split': 2, 'min_samples_leaf': 1, 'max_features': 'sqrt', 'criterion': 'gini'}",0.8571428571428571,0.8571428571428571,0.9047619047619048,0.8095238095238095,0.8536585365853658,0.8564459930313589,0.030149161792952503,49
105,0.07836441993713379,0.011521031329637414,0.007384443283081054,0.00048373487180497027,49,2,1,sqrt,gini,"{'n_estimators': 49, 'min_samples_split': 2, 'min_samples_leaf': 1, 'max_features': 'sqrt', 'criterion': 'gini'}",0.8571428571428571,0.8333333333333334,0.8809523809523809,0.8095238095238095,0.8780487804878049,0.851800232288037,0.02718712921007223,57
106,0.044493675231933594,0.004120790456136874,0.0,0.0,112,1,1,log2,gini,"{'n_estimators': 112, 'min_samples_split': 1, 'min_samples_leaf': 1, 'max_features': 'log2', 'criterion': 'gini'}",,,,,,,,189
107,0.053450918197631835,0.003664397778248927,0.0053861141204833984,0.0004891063798305969,34,2,2,sqrt,entropy,"{'n_estimators': 34, 'min_samples_split': 2, 'min_samples_leaf': 2, 'max_features': 'sqrt', 'criterion': 'entropy'}",0.8571428571428571,0.8571428571428571,0.9047619047619048,0.8095238095238095,0.9024390243902439,0.8662020905923346,0.03514695322821834,6
108,0.054654836654663086,0.002221609226201006,0.006182575225830078,0.0007467626846911991,34,2,1,sqrt,entropy,"{'n_estimators': 34, 'min_samples_split': 2, 'min_samples_leaf': 1, 'max_features': 'sqrt', 'criterion': 'entropy'}",0.8095238095238095,0.8571428571428571,0.8571428571428571,0.7619047619047619,0.8780487804878049,0.832752613240418,0.041953560334084004,118
109,0.07580628395080566,0.0033917553448398014,0.007372999191284179,0.0008018514068751744,49,2,2,log2,entropy,"{'n_estimators': 49, 'min_samples_split': 2, 'min_samples_leaf': 2, 'max_features': 'log2', 'criterion': 'entropy'}",0.8571428571428571,0.7857142857142857,0.9047619047619048,0.8333333333333334,0.8536585365853658,0.8469221835075494,0.03853916859107865,84
110,0.132505464553833,0.0023855633875612932,0.012981271743774414,0.0012747627157533698,89,2,2,log2,entropy,"{'n_estimators': 89, 'min_samples_split': 2, 'min_samples_leaf': 2, 'max_features': 'log2', 'criterion': 'entropy'}",0.8571428571428571,0.8571428571428571,0.8809523809523809,0.8095238095238095,0.9024390243902439,0.8614401858304296,0.030964091196866952,20
111,0.018782663345336913,0.0007055979444457549,0.0,0.0,49,1,2,sqrt,gini,"{'n_estimators': 49, 'min_samples_split': 1, 'min_samples_leaf': 2, 'max_features': 'sqrt', 'criterion': 'gini'}",,,,,,,,188
112,0.08343329429626464,0.003903838662877478,0.007764577865600586,0.00039194738177013674,64,2,1,log2,entropy,"{'n_estimators': 64, 'min_samples_split': 2, 'min_samples_leaf': 1, 'max_features': 'log2', 'criterion': 'entropy'}",0.8333333333333334,0.7857142857142857,0.8333333333333334,0.8095238095238095,0.8780487804878049,0.8279907084785133,0.03063076927766929,121
113,0.07280554771423339,0.005499166386980641,0.007778787612915039,0.0021293079053357395,49,2,2,log2,gini,"{'n_estimators': 49, 'min_samples_split': 2, 'min_samples_leaf': 2, 'max_features': 'log2', 'criterion': 'gini'}",0.8571428571428571,0.8571428571428571,0.9285714285714286,0.8095238095238095,0.8536585365853658,0.8612078977932637,0.038207675210019595,31
114,0.009077882766723633,0.0006631543000372052,0.0,0.0,18,1,1,sqrt,gini,"{'n_estimators': 18, 'min_samples_split': 1, 'min_samples_leaf': 1, 'max_features': 'sqrt', 'criterion': 'gini'}",,,,,,,,199
115,0.24565200805664061,0.024567884616046597,0.01905221939086914,0.0007935643467406518,152,2,1,log2,entropy,"{'n_estimators': 152, 'min_samples_split': 2, 'min_samples_leaf': 1, 'max_features': 'log2', 'criterion': 'entropy'}",0.8809523809523809,0.8571428571428571,0.8809523809523809,0.8333333333333334,0.8780487804878049,0.8660859465737515,0.018643195327887354,9
116,0.0376922607421875,0.0019290715672934645,0.00519413948059082,0.000989470853574622,24,2,1,sqrt,entropy,"{'n_estimators': 24, 'min_samples_split': 2, 'min_samples_leaf': 1, 'max_features': 'sqrt', 'criterion': 'entropy'}",0.7857142857142857,0.8333333333333334,0.9285714285714286,0.7857142857142857,0.8780487804878049,0.8422764227642275,0.05514529743912934,95
117,0.10032997131347657,0.004616859657911336,0.009574127197265626,0.0007985015503132884,67,2,1,log2,gini,"{'n_estimators': 67, 'min_samples_split': 2, 'min_samples_leaf': 1, 'max_features': 'log2', 'criterion': 'gini'}",0.8333333333333334,0.8333333333333334,0.9047619047619048,0.8333333333333334,0.9024390243902439,0.8614401858304298,0.03443155984358543,16
118,0.010171985626220703,0.00255442517759644,0.0,0.0,18,1,2,sqrt,gini,"{'n_estimators': 18, 'min_samples_split': 1, 'min_samples_leaf': 2, 'max_features': 'sqrt', 'criterion': 'gini'}",,,,,,,,187
119,0.0469761848449707,0.003031561543943257,0.0,0.0,126,1,2,sqrt,entropy,"{'n_estimators': 126, 'min_samples_split': 1, 'min_samples_leaf': 2, 'max_features': 'sqrt', 'criterion': 'entropy'}",,,,,,,,185
120,0.009162569046020507,0.0011602876091622396,0.0,0.0,18,1,2,log2,gini,"{'n_estimators': 18, 'min_samples_split': 1, 'min_samples_leaf': 2, 'max_features': 'log2', 'criterion': 'gini'}",,,,,,,,184
121,0.18717031478881835,0.014672745843060327,0.016541814804077147,0.0018429891294647718,128,2,2,log2,gini,"{'n_estimators': 128, 'min_samples_split': 2, 'min_samples_leaf': 2, 'max_features': 'log2', 'criterion': 'gini'}",0.8571428571428571,0.8333333333333334,0.9285714285714286,0.8095238095238095,0.8780487804878049,0.8613240418118467,0.040709099821125506,22
122,0.04387640953063965,0.0026123744678702987,0.0,0.0,112,1,2,log2,entropy,"{'n_estimators': 112, 'min_samples_split': 1, 'min_samples_leaf': 2, 'max_features': 'log2', 'criterion': 'entropy'}",,,,,,,,183
123,0.03900256156921387,0.004203762061442798,0.00498652458190918,0.0010923623390833837,24,2,1,log2,gini,"{'n_estimators': 24, 'min_samples_split': 2, 'min_samples_leaf': 1, 'max_features': 'log2', 'criterion': 'gini'}",0.8571428571428571,0.8095238095238095,0.8571428571428571,0.7857142857142857,0.8536585365853658,0.832636469221835,0.029593714729789927,119
124,0.011370325088500976,0.0007981547941975256,0.0,0.0,24,1,2,log2,gini,"{'n_estimators': 24, 'min_samples_split': 1, 'min_samples_leaf': 2, 'max_features': 'log2', 'criterion': 'gini'}",,,,,,,,182
125,0.011370706558227538,0.0004882917132970177,0.0,0.0,24,1,1,log2,gini,"{'n_estimators': 24, 'min_samples_split': 1, 'min_samples_leaf': 1, 'max_features': 'log2', 'criterion': 'gini'}",,,,,,,,181
126,0.13857574462890626,0.005944847323919364,0.012758302688598632,0.0024780470757817512,87,2,2,sqrt,entropy,"{'n_estimators': 87, 'min_samples_split': 2, 'min_samples_leaf': 2, 'max_features': 'sqrt', 'criterion': 'entropy'}",0.8571428571428571,0.8333333333333334,0.9285714285714286,0.8333333333333334,0.8780487804878049,0.8660859465737515,0.03542030788251015,9
127,0.10222892761230469,0.0036335131358330385,0.00877695083618164,0.0009774867890756096,67,2,2,log2,entropy,"{'n_estimators': 67, 'min_samples_split': 2, 'min_samples_leaf': 2, 'max_features': 'log2', 'criterion': 'entropy'}",0.8809523809523809,0.8333333333333334,0.9047619047619048,0.8095238095238095,0.8780487804878049,0.8613240418118467,0.034694611527113756,22
128,0.029720497131347657,0.004296935072531943,0.004587793350219726,0.0007976432954291165,18,2,1,sqrt,entropy,"{'n_estimators': 18, 'min_samples_split': 2, 'min_samples_leaf': 1, 'max_features': 'sqrt', 'criterion': 'entropy'}",0.8571428571428571,0.8095238095238095,0.8333333333333334,0.8095238095238095,0.9024390243902439,0.8423925667828106,0.034830814676379204,92
129,0.0470736026763916,0.0019337625741502756,0.004987573623657227,1.2669878249727652e-06,30,2,2,sqrt,gini,"{'n_estimators': 30, 'min_samples_split': 2, 'min_samples_leaf': 2, 'max_features': 'sqrt', 'criterion': 'gini'}",0.7857142857142857,0.8571428571428571,0.8809523809523809,0.7619047619047619,0.8292682926829268,0.8229965156794424,0.04401444579247494,124
130,0.024441337585449217,0.0011697523493747334,0.0,0.0,61,1,1,log2,gini,"{'n_estimators': 61, 'min_samples_split': 1, 'min_samples_leaf': 1, 'max_features': 'log2', 'criterion': 'gini'}",,,,,,,,180
131,0.04979243278503418,0.0035846241490166833,0.0,0.0,130,1,1,sqrt,gini,"{'n_estimators': 130, 'min_samples_split': 1, 'min_samples_leaf': 1, 'max_features': 'sqrt', 'criterion': 'gini'}",,,,,,,,179
132,0.019457626342773437,0.001073380094727061,0.0,0.0,49,1,2,log2,entropy,"{'n_estimators': 49, 'min_samples_split': 1, 'min_samples_leaf': 2, 'max_features': 'log2', 'criterion': 'entropy'}",,,,,,,,178
133,0.007874059677124023,0.0009053358347135804,0.0,0.0,16,1,1,sqrt,entropy,"{'n_estimators': 16, 'min_samples_split': 1, 'min_samples_leaf': 1, 'max_features': 'sqrt', 'criterion': 'entropy'}",,,,,,,,177
134,0.17191691398620607,0.012936685956199007,0.014748859405517577,0.0007438914802039529,126,2,1,log2,gini,"{'n_estimators': 126, 'min_samples_split': 2, 'min_samples_leaf': 1, 'max_features': 'log2', 'criterion': 'gini'}",0.8809523809523809,0.8095238095238095,0.9285714285714286,0.8095238095238095,0.8536585365853658,0.8564459930313589,0.04519688932758746,49
135,0.04527745246887207,0.002163403353176881,0.004780292510986328,0.0003955174666329517,30,2,1,sqrt,gini,"{'n_estimators': 30, 'min_samples_split': 2, 'min_samples_leaf': 1, 'max_features': 'sqrt', 'criterion': 'gini'}",0.8809523809523809,0.8095238095238095,0.9047619047619048,0.7857142857142857,0.8780487804878049,0.8518002322880373,0.04582231129452374,55
136,0.16845879554748536,0.007545450541592894,0.014973640441894531,0.0017848520643754897,112,2,2,log2,gini,"{'n_estimators': 112, 'min_samples_split': 2, 'min_samples_leaf': 2, 'max_features': 'log2', 'criterion': 'gini'}",0.8809523809523809,0.8333333333333334,0.9285714285714286,0.8333333333333334,0.8780487804878049,0.8708478513356563,0.03549829401595778,4
137,0.10542383193969726,0.005140686068771217,0.00917520523071289,0.000747266929849069,67,2,1,sqrt,entropy,"{'n_estimators': 67, 'min_samples_split': 2, 'min_samples_leaf': 1, 'max_features': 'sqrt', 'criterion': 'entropy'}",0.8571428571428571,0.8333333333333334,0.8809523809523809,0.8333333333333334,0.8292682926829268,0.8468060394889664,0.01971508366652653,90
138,0.18738899230957032,0.017802139444183608,0.015703916549682617,0.0018784177997959244,128,2,2,sqrt,gini,"{'n_estimators': 128, 'min_samples_split': 2, 'min_samples_leaf': 2, 'max_features': 'sqrt', 'criterion': 'gini'}",0.8571428571428571,0.8333333333333334,0.9285714285714286,0.8095238095238095,0.9024390243902439,0.8662020905923346,0.04376734433421915,6
139,0.027650117874145508,0.0010887558104080788,0.0,0.0,87,1,2,sqrt,gini,"{'n_estimators': 87, 'min_samples_split': 1, 'min_samples_leaf': 2, 'max_features': 'sqrt', 'criterion': 'gini'}",,,,,,,,176
140,0.12374706268310547,0.010500744914601172,0.011563396453857422,0.0004989870547262014,85,2,1,log2,entropy,"{'n_estimators': 85, 'min_samples_split': 2, 'min_samples_leaf': 1, 'max_features': 'log2', 'criterion': 'entropy'}",0.8809523809523809,0.8333333333333334,0.9285714285714286,0.8333333333333334,0.9024390243902439,0.8757259001161442,0.03775663233129637,1
141,0.013961267471313477,0.0006315060085831206,0.0,0.0,34,1,2,sqrt,entropy,"{'n_estimators': 34, 'min_samples_split': 1, 'min_samples_leaf': 2, 'max_features': 'sqrt', 'criterion': 'entropy'}",,,,,,,,175
142,0.06513633728027343,0.0028102931836128386,0.0,0.0,182,1,1,sqrt,gini,"{'n_estimators': 182, 'min_samples_split': 1, 'min_samples_leaf': 1, 'max_features': 'sqrt', 'criterion': 'gini'}",,,,,,,,147
143,0.010372114181518555,0.0004879742687426334,0.0,0.0,24,1,2,sqrt,entropy,"{'n_estimators': 24, 'min_samples_split': 1, 'min_samples_leaf': 2, 'max_features': 'sqrt', 'criterion': 'entropy'}",,,,,,,,186
144,0.09235706329345703,0.009555033406834503,0.00857715606689453,0.002239428369829463,61,2,2,sqrt,entropy,"{'n_estimators': 61, 'min_samples_split': 2, 'min_samples_leaf': 2, 'max_features': 'sqrt', 'criterion': 'entropy'}",0.8333333333333334,0.7857142857142857,0.9285714285714286,0.8095238095238095,0.8780487804878049,0.8470383275261323,0.05092170222972316,76
145,0.10208826065063477,0.003516867536620317,0.009382963180541992,0.001350150844196598,67,2,1,sqrt,entropy,"{'n_estimators': 67, 'min_samples_split': 2, 'min_samples_leaf': 1, 'max_features': 'sqrt', 'criterion': 'entropy'}",0.8571428571428571,0.8333333333333334,0.9047619047619048,0.8095238095238095,0.8536585365853658,0.8516840882694542,0.031512507098000686,64
146,0.05556297302246094,0.0025406363217094566,0.005976486206054688,0.0008837891019139821,34,2,2,log2,entropy,"{'n_estimators': 34, 'min_samples_split': 2, 'min_samples_leaf': 2, 'max_features': 'log2', 'criterion': 'entropy'}",0.8571428571428571,0.8095238095238095,0.8571428571428571,0.8095238095238095,0.8780487804878049,0.8422764227642275,0.02781061188656082,95
147,0.055850887298583986,0.004926622415683571,0.0,0.0,126,1,1,sqrt,entropy,"{'n_estimators': 126, 'min_samples_split': 1, 'min_samples_leaf': 1, 'max_features': 'sqrt', 'criterion': 'entropy'}",,,,,,,,129
148,0.039197683334350586,0.0061963756460227705,0.0,0.0,89,1,1,sqrt,entropy,"{'n_estimators': 89, 'min_samples_split': 1, 'min_samples_leaf': 1, 'max_features': 'sqrt', 'criterion': 'entropy'}",,,,,,,,128
149,0.31669960021972654,0.033052038619944726,0.02253875732421875,0.002719519528366633,182,2,1,sqrt,entropy,"{'n_estimators': 182, 'min_samples_split': 2, 'min_samples_leaf': 1, 'max_features': 'sqrt', 'criterion': 'entropy'}",0.8809523809523809,0.8095238095238095,0.8809523809523809,0.8095238095238095,0.8780487804878049,0.851800232288037,0.03453483363090356,57
150,0.13006353378295898,0.0017534997869490517,0.010978412628173829,1.6238668244610884e-05,89,2,1,sqrt,gini,"{'n_estimators': 89, 'min_samples_split': 2, 'min_samples_leaf': 1, 'max_features': 'sqrt', 'criterion': 'gini'}",0.8571428571428571,0.8333333333333334,0.9047619047619048,0.8095238095238095,0.8536585365853658,0.8516840882694542,0.031512507098000686,64
151,0.30471649169921877,0.044498701419964364,0.02552452087402344,0.004356684332554429,182,2,1,log2,entropy,"{'n_estimators': 182, 'min_samples_split': 2, 'min_samples_leaf': 1, 'max_features': 'log2', 'criterion': 'entropy'}",0.8571428571428571,0.8095238095238095,0.9047619047619048,0.8095238095238095,0.9024390243902439,0.8566782810685248,0.04207941230838282,35
152,0.14682164192199706,0.010361338995635412,0.012758445739746094,0.0015941216441912557,109,2,2,log2,entropy,"{'n_estimators': 109, 'min_samples_split': 2, 'min_samples_leaf': 2, 'max_features': 'log2', 'criterion': 'entropy'}",0.8571428571428571,0.8095238095238095,0.9047619047619048,0.8333333333333334,0.8536585365853658,0.8516840882694542,0.031512507098000686,64
153,0.027526330947875977,0.0017393802652020428,0.004587936401367188,0.0010173737577969986,18,2,2,sqrt,entropy,"{'n_estimators': 18, 'min_samples_split': 2, 'min_samples_leaf': 2, 'max_features': 'sqrt', 'criterion': 'entropy'}",0.8333333333333334,0.8333333333333334,0.9047619047619048,0.8095238095238095,0.8292682926829268,0.8420441347270616,0.03257627508248106,108
154,0.1205841064453125,0.003960133892451838,0.011778163909912109,0.002222127316885716,82,2,1,sqrt,gini,"{'n_estimators': 82, 'min_samples_split': 2, 'min_samples_leaf': 1, 'max_features': 'sqrt', 'criterion': 'gini'}",0.8809523809523809,0.8095238095238095,0.9047619047619048,0.8095238095238095,0.8292682926829268,0.8468060394889664,0.03901885918438292,90
155,0.19423065185546876,0.003287857387662855,0.016342020034790038,0.00285097862673051,130,2,1,log2,entropy,"{'n_estimators': 130, 'min_samples_split': 2, 'min_samples_leaf': 1, 'max_features': 'log2', 'criterion': 'entropy'}",0.8809523809523809,0.8095238095238095,0.8809523809523809,0.8095238095238095,0.8536585365853658,0.8469221835075492,0.03212090871165629,86
156,0.16088614463806153,0.0075180855592977,0.014361953735351563,0.0023264957495496338,109,2,2,log2,gini,"{'n_estimators': 109, 'min_samples_split': 2, 'min_samples_leaf': 2, 'max_features': 'log2', 'criterion': 'gini'}",0.8809523809523809,0.8333333333333334,0.9047619047619048,0.8095238095238095,0.8780487804878049,0.8613240418118467,0.034694611527113756,22
157,0.05007257461547852,0.0027058718979252275,0.0,0.0,152,1,2,log2,gini,"{'n_estimators': 152, 'min_samples_split': 1, 'min_samples_leaf': 2, 'max_features': 'log2', 'criterion': 'gini'}",,,,,,,,140
158,0.16516728401184083,0.013779120242218397,0.013561439514160157,0.0010175750919120255,121,2,1,sqrt,gini,"{'n_estimators': 121, 'min_samples_split': 2, 'min_samples_leaf': 1, 'max_features': 'sqrt', 'criterion': 'gini'}",0.8571428571428571,0.8095238095238095,0.9047619047619048,0.8333333333333334,0.8780487804878049,0.856562137049942,0.0332788589591043,37
159,0.008383941650390626,0.0008028403223887325,0.0,0.0,15,1,2,log2,entropy,"{'n_estimators': 15, 'min_samples_split': 1, 'min_samples_leaf': 2, 'max_features': 'log2', 'criterion': 'entropy'}",,,,,,,,143
160,0.16665778160095215,0.0043368828289975184,0.013666725158691407,0.0006020234379530228,109,2,2,sqrt,entropy,"{'n_estimators': 109, 'min_samples_split': 2, 'min_samples_leaf': 2, 'max_features': 'sqrt', 'criterion': 'entropy'}",0.8809523809523809,0.8333333333333334,0.9285714285714286,0.8095238095238095,0.9024390243902439,0.8709639953542393,0.04381786124528859,2
161,0.18613309860229493,0.0044785783957121935,0.01554250717163086,0.0027292740633040225,121,2,1,log2,entropy,"{'n_estimators': 121, 'min_samples_split': 2, 'min_samples_leaf': 1, 'max_features': 'log2', 'criterion': 'entropy'}",0.8571428571428571,0.8571428571428571,0.9047619047619048,0.8095238095238095,0.8780487804878049,0.8613240418118467,0.03125633854761019,22
162,0.17412185668945312,0.013364076444667264,0.014150428771972656,0.0007426055965603003,126,2,1,sqrt,gini,"{'n_estimators': 126, 'min_samples_split': 2, 'min_samples_leaf': 1, 'max_features': 'sqrt', 'criterion': 'gini'}",0.8809523809523809,0.8095238095238095,0.9285714285714286,0.7857142857142857,0.8536585365853658,0.8516840882694542,0.050797044115805906,64
163,0.010571861267089843,0.001353640253641521,0.0,0.0,24,1,2,sqrt,gini,"{'n_estimators': 24, 'min_samples_split': 1, 'min_samples_leaf': 2, 'max_features': 'sqrt', 'criterion': 'gini'}",,,,,,,,136
164,0.1205554485321045,0.0038967816233180883,0.010971450805664062,0.0006303008373350985,85,2,2,sqrt,gini,"{'n_estimators': 85, 'min_samples_split': 2, 'min_samples_leaf': 2, 'max_features': 'sqrt', 'criterion': 'gini'}",0.8571428571428571,0.8095238095238095,0.9047619047619048,0.8095238095238095,0.8780487804878049,0.851800232288037,0.03767508597904855,57
165,0.05665302276611328,0.0032327959701889345,0.0,0.0,152,1,2,sqrt,entropy,"{'n_estimators': 152, 'min_samples_split': 1, 'min_samples_leaf': 2, 'max_features': 'sqrt', 'criterion': 'entropy'}",,,,,,,,144
166,0.2705296516418457,0.005884176093907255,0.022540760040283204,0.0014928209505767917,182,2,1,log2,gini,"{'n_estimators': 182, 'min_samples_split': 2, 'min_samples_leaf': 1, 'max_features': 'log2', 'criterion': 'gini'}",0.8333333333333334,0.8095238095238095,0.9047619047619048,0.8095238095238095,0.8780487804878049,0.8470383275261323,0.038199907197531635,76
167,0.26688575744628906,0.038365654326849165,0.02184286117553711,0.0030433348990424832,182,2,2,log2,gini,"{'n_estimators': 182, 'min_samples_split': 2, 'min_samples_leaf': 2, 'max_features': 'log2', 'criterion': 'gini'}",0.8809523809523809,0.8095238095238095,0.9047619047619048,0.8095238095238095,0.8780487804878049,0.856562137049942,0.039509457005240924,37
168,0.05805249214172363,0.0033108760887708938,0.0,0.0,152,1,1,log2,entropy,"{'n_estimators': 152, 'min_samples_split': 1, 'min_samples_leaf': 1, 'max_features': 'log2', 'criterion': 'entropy'}",,,,,,,,127
169,0.009285879135131837,0.001578426022564426,0.0,0.0,15,1,1,log2,gini,"{'n_estimators': 15, 'min_samples_split': 1, 'min_samples_leaf': 1, 'max_features': 'log2', 'criterion': 'gini'}",,,,,,,,130
170,0.007964992523193359,2.8628343569889902e-05,0.0,0.0,16,1,2,log2,gini,"{'n_estimators': 16, 'min_samples_split': 1, 'min_samples_leaf': 2, 'max_features': 'log2', 'criterion': 'gini'}",,,,,,,,126
171,0.12965788841247558,0.0060575059799588115,0.010172748565673828,0.00039880425031629596,87,2,2,sqrt,entropy,"{'n_estimators': 87, 'min_samples_split': 2, 'min_samples_leaf': 2, 'max_features': 'sqrt', 'criterion': 'entropy'}",0.8095238095238095,0.8333333333333334,0.8809523809523809,0.7857142857142857,0.8780487804878049,0.8375145180023228,0.03745424009206408,110
172,0.04817967414855957,0.006520652185183898,0.005185747146606445,0.0007460602405928295,30,2,1,log2,entropy,"{'n_estimators': 30, 'min_samples_split': 2, 'min_samples_leaf': 1, 'max_features': 'log2', 'criterion': 'entropy'}",0.8809523809523809,0.8095238095238095,0.9047619047619048,0.8333333333333334,0.8536585365853658,0.8564459930313589,0.03370058347317059,49
173,0.033816862106323245,0.001485708733193455,0.0,0.0,87,1,1,sqrt,entropy,"{'n_estimators': 87, 'min_samples_split': 1, 'min_samples_leaf': 1, 'max_features': 'sqrt', 'criterion': 'entropy'}",,,,,,,,131
174,0.19325923919677734,0.008632919322744261,0.015255069732666016,0.0007425325099936678,130,2,2,sqrt,entropy,"{'n_estimators': 130, 'min_samples_split': 2, 'min_samples_leaf': 2, 'max_features': 'sqrt', 'criterion': 'entropy'}",0.8809523809523809,0.8333333333333334,0.9285714285714286,0.7857142857142857,0.8780487804878049,0.8613240418118467,0.048347729182350425,22
175,0.038098382949829104,0.005022890238792915,0.005784749984741211,0.0011627455432220925,24,2,1,log2,gini,"{'n_estimators': 24, 'min_samples_split': 2, 'min_samples_leaf': 1, 'max_features': 'log2', 'criterion': 'gini'}",0.8333333333333334,0.8333333333333334,0.9285714285714286,0.8095238095238095,0.9024390243902439,0.8614401858304298,0.04574452745105644,16
176,0.04390950202941894,0.002088094271456609,0.005569839477539062,0.000492225341640685,34,2,1,sqrt,gini,"{'n_estimators': 34, 'min_samples_split': 2, 'min_samples_leaf': 1, 'max_features': 'sqrt', 'criterion': 'gini'}",0.8333333333333334,0.8095238095238095,0.9047619047619048,0.8571428571428571,0.9024390243902439,0.8614401858304298,0.03758044282438564,16
177,0.03930573463439942,0.0009747812974260094,0.0047800540924072266,0.0004118687682139398,30,2,1,log2,entropy,"{'n_estimators': 30, 'min_samples_split': 2, 'min_samples_leaf': 1, 'max_features': 'log2', 'criterion': 'entropy'}",0.8333333333333334,0.8095238095238095,0.9285714285714286,0.7857142857142857,0.8780487804878049,0.8470383275261323,0.05092170222972316,76
178,0.017958879470825195,0.0009001032123835743,0.0,0.0,49,1,1,log2,entropy,"{'n_estimators': 49, 'min_samples_split': 1, 'min_samples_leaf': 1, 'max_features': 'log2', 'criterion': 'entropy'}",,,,,,,,132
179,0.013466167449951171,0.0019370874711418082,0.0,0.0,30,1,1,log2,gini,"{'n_estimators': 30, 'min_samples_split': 1, 'min_samples_leaf': 1, 'max_features': 'log2', 'criterion': 'gini'}",,,,,,,,134
180,0.1860274314880371,0.003557570893765818,0.014763069152832032,0.00040065239939458065,128,2,1,log2,gini,"{'n_estimators': 128, 'min_samples_split': 2, 'min_samples_leaf': 1, 'max_features': 'log2', 'criterion': 'gini'}",0.8809523809523809,0.8095238095238095,0.8809523809523809,0.7619047619047619,0.9024390243902439,0.8471544715447153,0.05296141777146002,73
181,0.014966440200805665,0.0028123463535454315,0.0,0.0,30,1,1,sqrt,gini,"{'n_estimators': 30, 'min_samples_split': 1, 'min_samples_leaf': 1, 'max_features': 'sqrt', 'criterion': 'gini'}",,,,,,,,133
182,0.07274341583251953,0.004056766316242387,0.00720062255859375,0.0009815020082980482,49,2,2,sqrt,gini,"{'n_estimators': 49, 'min_samples_split': 2, 'min_samples_leaf': 2, 'max_features': 'sqrt', 'criterion': 'gini'}",0.8571428571428571,0.8333333333333334,0.9285714285714286,0.8095238095238095,0.8292682926829268,0.8515679442508711,0.041371731923071794,72
183,0.026935529708862305,0.0040371079058512125,0.0037908077239990233,0.0007473607132901023,16,2,1,log2,gini,"{'n_estimators': 16, 'min_samples_split': 2, 'min_samples_leaf': 1, 'max_features': 'log2', 'criterion': 'gini'}",0.8333333333333334,0.8571428571428571,0.8571428571428571,0.8095238095238095,0.8292682926829268,0.8372822299651567,0.018106550773430943,116
184,0.034809303283691403,0.0011954365605752401,0.0,0.0,89,1,1,log2,gini,"{'n_estimators': 89, 'min_samples_split': 1, 'min_samples_leaf': 1, 'max_features': 'log2', 'criterion': 'gini'}",,,,,,,,137
185,0.19238080978393554,0.003683673497856239,0.01536545753479004,0.00048354609128957145,130,2,1,log2,gini,"{'n_estimators': 130, 'min_samples_split': 2, 'min_samples_leaf': 1, 'max_features': 'log2', 'criterion': 'gini'}",0.8809523809523809,0.8095238095238095,0.9047619047619048,0.8095238095238095,0.8780487804878049,0.856562137049942,0.039509457005240924,37
186,0.015160083770751953,0.0007468799212789249,0.0,0.0,38,1,2,sqrt,gini,"{'n_estimators': 38, 'min_samples_split': 1, 'min_samples_leaf': 2, 'max_features': 'sqrt', 'criterion': 'gini'}",,,,,,,,138
187,0.008384084701538086,0.0007765239552004762,0.0,0.0,18,1,1,log2,entropy,"{'n_estimators': 18, 'min_samples_split': 1, 'min_samples_leaf': 1, 'max_features': 'log2', 'criterion': 'entropy'}",,,,,,,,139
188,0.029238796234130858,0.0008752663114847428,0.0,0.0,89,1,1,sqrt,gini,"{'n_estimators': 89, 'min_samples_split': 1, 'min_samples_leaf': 1, 'max_features': 'sqrt', 'criterion': 'gini'}",,,,,,,,145
189,0.022150659561157228,0.0007567082033404606,0.0,0.0,67,1,2,log2,entropy,"{'n_estimators': 67, 'min_samples_split': 1, 'min_samples_leaf': 2, 'max_features': 'log2', 'criterion': 'entropy'}",,,,,,,,142
190,0.024541330337524415,0.003815679415987709,0.0,0.0,67,1,1,log2,gini,"{'n_estimators': 67, 'min_samples_split': 1, 'min_samples_leaf': 1, 'max_features': 'log2', 'criterion': 'gini'}",,,,,,,,141
191,0.12605609893798828,0.007808961005892452,0.011157083511352538,0.00038991238298207874,85,2,2,sqrt,gini,"{'n_estimators': 85, 'min_samples_split': 2, 'min_samples_leaf': 2, 'max_features': 'sqrt', 'criterion': 'gini'}",0.8333333333333334,0.8333333333333334,0.9047619047619048,0.8095238095238095,0.8780487804878049,0.8518002322880373,0.03453483363090356,55
192,0.033309650421142575,0.004893614525427709,0.0,0.0,85,1,2,log2,gini,"{'n_estimators': 85, 'min_samples_split': 1, 'min_samples_leaf': 2, 'max_features': 'log2', 'criterion': 'gini'}",,,,,,,,135
193,0.09863228797912597,0.00618427733857689,0.00898289680480957,0.0011033447411096047,64,2,2,log2,gini,"{'n_estimators': 64, 'min_samples_split': 2, 'min_samples_leaf': 2, 'max_features': 'log2', 'criterion': 'gini'}",0.8095238095238095,0.8333333333333334,0.9047619047619048,0.8095238095238095,0.8780487804878049,0.8470383275261323,0.038199907197531635,76
194,0.07147426605224609,0.0039055573471693285,0.007772207260131836,0.000982091789869554,49,2,2,log2,gini,"{'n_estimators': 49, 'min_samples_split': 2, 'min_samples_leaf': 2, 'max_features': 'log2', 'criterion': 'gini'}",0.8809523809523809,0.8809523809523809,0.9047619047619048,0.8095238095238095,0.8780487804878049,0.8708478513356562,0.03214609631710936,5
195,0.09694547653198242,0.0026976312672429403,0.009176540374755859,0.0019522874531590852,64,2,2,sqrt,gini,"{'n_estimators': 64, 'min_samples_split': 2, 'min_samples_leaf': 2, 'max_features': 'sqrt', 'criterion': 'gini'}",0.8333333333333334,0.7857142857142857,0.9047619047619048,0.8333333333333334,0.8536585365853658,0.8421602787456447,0.038452967565972,100
196,0.036302042007446286,0.0007974155566651926,0.004588413238525391,0.0004890457423329806,24,2,1,sqrt,entropy,"{'n_estimators': 24, 'min_samples_split': 2, 'min_samples_leaf': 1, 'max_features': 'sqrt', 'criterion': 'entropy'}",0.8571428571428571,0.8095238095238095,0.8333333333333334,0.8333333333333334,0.8780487804878049,0.8422764227642278,0.02338103427760213,93
197,0.029720783233642578,0.0019200344042578398,0.00359039306640625,0.0004888502220213629,18,2,1,log2,gini,"{'n_estimators': 18, 'min_samples_split': 2, 'min_samples_leaf': 1, 'max_features': 'log2', 'criterion': 'gini'}",0.8095238095238095,0.8333333333333334,0.8571428571428571,0.8333333333333334,0.8292682926829268,0.8325203252032521,0.015145999422052848,120
198,0.12134904861450195,0.006889498343272095,0.010358572006225586,0.0005003586607068157,87,2,1,log2,entropy,"{'n_estimators': 87, 'min_samples_split': 2, 'min_samples_leaf': 1, 'max_features': 'log2', 'criterion': 'entropy'}",0.8571428571428571,0.8333333333333334,0.9047619047619048,0.7857142857142857,0.9024390243902439,0.8566782810685251,0.04469266505628628,32
199,0.03679757118225098,0.0032772126477774812,0.0,0.0,109,1,2,sqrt,gini,"{'n_estimators': 109, 'min_samples_split': 1, 'min_samples_leaf': 2, 'max_features': 'sqrt', 'criterion': 'gini'}",,,,,,,,200
